{
  "Delete" : {
    "transaction" : "Delete",
    "sampleCount" : 50,
    "errorCount" : 0,
    "errorPct" : 0.0,
    "meanResTime" : 428.94000000000005,
    "medianResTime" : 423.5,
    "minResTime" : 397.0,
    "maxResTime" : 478.0,
    "pct1ResTime" : 454.8,
    "pct2ResTime" : 458.7,
    "pct3ResTime" : 478.0,
    "throughput" : 5.8112505811250585,
    "receivedKBytesPerSec" : 4.359345943747095,
    "sentKBytesPerSec" : 1.3109364103905161
  },
  "Register" : {
    "transaction" : "Register",
    "sampleCount" : 50,
    "errorCount" : 0,
    "errorPct" : 0.0,
    "meanResTime" : 430.8600000000001,
    "medianResTime" : 431.5,
    "minResTime" : 405.0,
    "maxResTime" : 460.0,
    "pct1ResTime" : 452.8,
    "pct2ResTime" : 456.79999999999995,
    "pct3ResTime" : 460.0,
    "throughput" : 5.809225049378413,
    "receivedKBytesPerSec" : 4.899718252585106,
    "sentKBytesPerSec" : 1.3899024776344837
  },
  "Create" : {
    "transaction" : "Create",
    "sampleCount" : 50,
    "errorCount" : 0,
    "errorPct" : 0.0,
    "meanResTime" : 70.44,
    "medianResTime" : 66.0,
    "minResTime" : 58.0,
    "maxResTime" : 237.0,
    "pct1ResTime" : 76.5,
    "pct2ResTime" : 98.4499999999999,
    "pct3ResTime" : 237.0,
    "throughput" : 6.077549532028685,
    "receivedKBytesPerSec" : 11.077046234958065,
    "sentKBytesPerSec" : 1.2997884253069163
  },
  "Total" : {
    "transaction" : "Total",
    "sampleCount" : 300,
    "errorCount" : 0,
    "errorPct" : 0.0,
    "meanResTime" : 376.0433333333333,
    "medianResTime" : 420.0,
    "minResTime" : 58.0,
    "maxResTime" : 1917.0,
    "pct1ResTime" : 454.90000000000003,
    "pct2ResTime" : 464.84999999999997,
    "pct3ResTime" : 1729.6000000000022,
    "throughput" : 25.616941337204338,
    "receivedKBytesPerSec" : 26.514201391853813,
    "sentKBytesPerSec" : 5.374387594996158
  },
  "Get" : {
    "transaction" : "Get",
    "sampleCount" : 50,
    "errorCount" : 0,
    "errorPct" : 0.0,
    "meanResTime" : 458.0200000000001,
    "medianResTime" : 290.0,
    "minResTime" : 256.0,
    "maxResTime" : 1917.0,
    "pct1ResTime" : 1286.1999999999994,
    "pct2ResTime" : 1755.8499999999997,
    "pct3ResTime" : 1917.0,
    "throughput" : 5.030181086519114,
    "receivedKBytesPerSec" : 5.64254668636821,
    "sentKBytesPerSec" : 0.6140357771629779
  },
  "Update" : {
    "transaction" : "Update",
    "sampleCount" : 50,
    "errorCount" : 0,
    "errorPct" : 0.0,
    "meanResTime" : 433.1999999999999,
    "medianResTime" : 434.0,
    "minResTime" : 403.0,
    "maxResTime" : 477.0,
    "pct1ResTime" : 456.8,
    "pct2ResTime" : 465.45,
    "pct3ResTime" : 477.0,
    "throughput" : 5.820721769499419,
    "receivedKBytesPerSec" : 4.8200578434225845,
    "sentKBytesPerSec" : 1.267598588474971
  },
  "login" : {
    "transaction" : "login",
    "sampleCount" : 50,
    "errorCount" : 0,
    "errorPct" : 0.0,
    "meanResTime" : 434.79999999999995,
    "medianResTime" : 435.0,
    "minResTime" : 405.0,
    "maxResTime" : 572.0,
    "pct1ResTime" : 457.8,
    "pct2ResTime" : 465.84999999999997,
    "pct3ResTime" : 572.0,
    "throughput" : 5.791058605513087,
    "receivedKBytesPerSec" : 4.888354724056057,
    "sentKBytesPerSec" : 1.3912113446838081
  }
}