{
  "Delete" : {
    "transaction" : "Delete",
    "sampleCount" : 100,
    "errorCount" : 0,
    "errorPct" : 0.0,
    "meanResTime" : 433.2399999999999,
    "medianResTime" : 433.0,
    "minResTime" : 297.0,
    "maxResTime" : 495.0,
    "pct1ResTime" : 464.70000000000005,
    "pct2ResTime" : 469.95,
    "pct3ResTime" : 494.8299999999999,
    "throughput" : 11.350737797956867,
    "receivedKBytesPerSec" : 8.516378759931895,
    "sentKBytesPerSec" : 2.560566827468785
  },
  "Register" : {
    "transaction" : "Register",
    "sampleCount" : 100,
    "errorCount" : 0,
    "errorPct" : 0.0,
    "meanResTime" : 432.41999999999985,
    "medianResTime" : 430.0,
    "minResTime" : 291.0,
    "maxResTime" : 476.0,
    "pct1ResTime" : 461.70000000000005,
    "pct2ResTime" : 468.9,
    "pct3ResTime" : 476.0,
    "throughput" : 11.20197154699227,
    "receivedKBytesPerSec" : 9.458774119244987,
    "sentKBytesPerSec" : 2.6801592080206116
  },
  "Create" : {
    "transaction" : "Create",
    "sampleCount" : 100,
    "errorCount" : 0,
    "errorPct" : 0.0,
    "meanResTime" : 68.16,
    "medianResTime" : 67.0,
    "minResTime" : 57.0,
    "maxResTime" : 112.0,
    "pct1ResTime" : 78.0,
    "pct2ResTime" : 81.0,
    "pct3ResTime" : 111.82999999999991,
    "throughput" : 11.879306248515086,
    "receivedKBytesPerSec" : 21.63843475291043,
    "sentKBytesPerSec" : 2.5405938168210978
  },
  "Total" : {
    "transaction" : "Total",
    "sampleCount" : 600,
    "errorCount" : 0,
    "errorPct" : 0.0,
    "meanResTime" : 368.2550000000003,
    "medianResTime" : 420.5,
    "minResTime" : 57.0,
    "maxResTime" : 1672.0,
    "pct1ResTime" : 462.0,
    "pct2ResTime" : 470.94999999999993,
    "pct3ResTime" : 1310.780000000001,
    "throughput" : 50.6030193134857,
    "receivedKBytesPerSec" : 52.38623215716455,
    "sentKBytesPerSec" : 10.616421206882011
  },
  "Get" : {
    "transaction" : "Get",
    "sampleCount" : 100,
    "errorCount" : 0,
    "errorPct" : 0.0,
    "meanResTime" : 396.18999999999994,
    "medianResTime" : 274.0,
    "minResTime" : 239.0,
    "maxResTime" : 1672.0,
    "pct1ResTime" : 896.1000000000008,
    "pct2ResTime" : 1398.449999999999,
    "pct3ResTime" : 1671.94,
    "throughput" : 9.983028850953378,
    "receivedKBytesPerSec" : 11.201270340421285,
    "sentKBytesPerSec" : 1.218631451532395
  },
  "Update" : {
    "transaction" : "Update",
    "sampleCount" : 100,
    "errorCount" : 0,
    "errorPct" : 0.0,
    "meanResTime" : 445.56,
    "medianResTime" : 438.5,
    "minResTime" : 397.0,
    "maxResTime" : 756.0,
    "pct1ResTime" : 467.0,
    "pct2ResTime" : 472.9,
    "pct3ResTime" : 755.8699999999999,
    "throughput" : 11.364927832708261,
    "receivedKBytesPerSec" : 9.422901395044892,
    "sentKBytesPerSec" : 2.4749794010683033
  },
  "login" : {
    "transaction" : "login",
    "sampleCount" : 100,
    "errorCount" : 0,
    "errorPct" : 0.0,
    "meanResTime" : 433.95999999999987,
    "medianResTime" : 435.5,
    "minResTime" : 399.0,
    "maxResTime" : 490.0,
    "pct1ResTime" : 462.0,
    "pct2ResTime" : 466.95,
    "pct3ResTime" : 489.90999999999997,
    "throughput" : 11.039964672113049,
    "receivedKBytesPerSec" : 9.318635805365423,
    "sentKBytesPerSec" : 2.6521790130271583
  }
}