{
  "Delete" : {
    "transaction" : "Delete",
    "sampleCount" : 123,
    "errorCount" : 0,
    "errorPct" : 0.0,
    "meanResTime" : 460.92682926829275,
    "medianResTime" : 431.0,
    "minResTime" : 391.0,
    "maxResTime" : 1407.0,
    "pct1ResTime" : 482.0000000000001,
    "pct2ResTime" : 691.6,
    "pct3ResTime" : 1266.120000000003,
    "throughput" : 13.918750707253594,
    "receivedKBytesPerSec" : 10.44149421466561,
    "sentKBytesPerSec" : 3.1398744271245898
  },
  "Register" : {
    "transaction" : "Register",
    "sampleCount" : 123,
    "errorCount" : 0,
    "errorPct" : 0.0,
    "meanResTime" : 456.8780487804877,
    "medianResTime" : 430.0,
    "minResTime" : 397.0,
    "maxResTime" : 1417.0,
    "pct1ResTime" : 524.0000000000003,
    "pct2ResTime" : 616.5999999999999,
    "pct3ResTime" : 1240.6000000000038,
    "throughput" : 13.876353790613718,
    "receivedKBytesPerSec" : 11.71291089660424,
    "sentKBytesPerSec" : 3.320026053418321
  },
  "Create" : {
    "transaction" : "Create",
    "sampleCount" : 123,
    "errorCount" : 0,
    "errorPct" : 0.0,
    "meanResTime" : 66.04065040650406,
    "medianResTime" : 65.0,
    "minResTime" : 57.0,
    "maxResTime" : 102.0,
    "pct1ResTime" : 75.0,
    "pct2ResTime" : 77.0,
    "pct3ResTime" : 98.40000000000008,
    "throughput" : 14.978080857282027,
    "receivedKBytesPerSec" : 27.284052682050657,
    "sentKBytesPerSec" : 3.203320027094496
  },
  "Total" : {
    "transaction" : "Total",
    "sampleCount" : 738,
    "errorCount" : 0,
    "errorPct" : 0.0,
    "meanResTime" : 385.40379403794014,
    "medianResTime" : 421.0,
    "minResTime" : 57.0,
    "maxResTime" : 1808.0,
    "pct1ResTime" : 486.1,
    "pct2ResTime" : 662.2499999999998,
    "pct3ResTime" : 1504.8500000000013,
    "throughput" : 61.566697255359976,
    "receivedKBytesPerSec" : 63.73864655460082,
    "sentKBytesPerSec" : 12.916580853215985
  },
  "Get" : {
    "transaction" : "Get",
    "sampleCount" : 123,
    "errorCount" : 0,
    "errorPct" : 0.0,
    "meanResTime" : 413.9918699186992,
    "medianResTime" : 261.0,
    "minResTime" : 228.0,
    "maxResTime" : 1808.0,
    "pct1ResTime" : 1090.2000000000007,
    "pct2ResTime" : 1603.5999999999997,
    "pct3ResTime" : 1806.32,
    "throughput" : 12.38545967173497,
    "receivedKBytesPerSec" : 13.907288415063942,
    "sentKBytesPerSec" : 1.5118969325848355
  },
  "Update" : {
    "transaction" : "Update",
    "sampleCount" : 123,
    "errorCount" : 0,
    "errorPct" : 0.0,
    "meanResTime" : 457.56910569105696,
    "medianResTime" : 435.0,
    "minResTime" : 397.0,
    "maxResTime" : 952.0,
    "pct1ResTime" : 558.8000000000006,
    "pct2ResTime" : 636.2,
    "pct3ResTime" : 925.8400000000006,
    "throughput" : 14.382600561272216,
    "receivedKBytesPerSec" : 11.912760721176333,
    "sentKBytesPerSec" : 3.1321483644176804
  },
  "login" : {
    "transaction" : "login",
    "sampleCount" : 123,
    "errorCount" : 0,
    "errorPct" : 0.0,
    "meanResTime" : 457.01626016260167,
    "medianResTime" : 436.0,
    "minResTime" : 395.0,
    "maxResTime" : 962.0,
    "pct1ResTime" : 502.60000000000025,
    "pct2ResTime" : 653.0,
    "pct3ResTime" : 937.0400000000005,
    "throughput" : 13.840441093732418,
    "receivedKBytesPerSec" : 11.69039924890289,
    "sentKBytesPerSec" : 3.3249497158771235
  }
}