{
  "Delete" : {
    "transaction" : "Delete",
    "sampleCount" : 115,
    "errorCount" : 0,
    "errorPct" : 0.0,
    "meanResTime" : 491.77391304347816,
    "medianResTime" : 426.0,
    "minResTime" : 396.0,
    "maxResTime" : 1414.0,
    "pct1ResTime" : 815.4000000000002,
    "pct2ResTime" : 937.3999999999999,
    "pct3ResTime" : 1346.0000000000014,
    "throughput" : 12.965050732807216,
    "receivedKBytesPerSec" : 9.719824549041714,
    "sentKBytesPerSec" : 2.924733124295378
  },
  "Register" : {
    "transaction" : "Register",
    "sampleCount" : 115,
    "errorCount" : 0,
    "errorPct" : 0.0,
    "meanResTime" : 485.88695652173897,
    "medianResTime" : 424.0,
    "minResTime" : 399.0,
    "maxResTime" : 1406.0,
    "pct1ResTime" : 776.6,
    "pct2ResTime" : 885.9999999999998,
    "pct3ResTime" : 1334.3200000000015,
    "throughput" : 12.277143162165048,
    "receivedKBytesPerSec" : 10.361133166969147,
    "sentKBytesPerSec" : 2.9374024167289416
  },
  "Create" : {
    "transaction" : "Create",
    "sampleCount" : 115,
    "errorCount" : 0,
    "errorPct" : 0.0,
    "meanResTime" : 66.12173913043476,
    "medianResTime" : 65.0,
    "minResTime" : 57.0,
    "maxResTime" : 100.0,
    "pct1ResTime" : 73.0,
    "pct2ResTime" : 78.19999999999999,
    "pct3ResTime" : 98.72000000000003,
    "throughput" : 13.752690743841185,
    "receivedKBytesPerSec" : 25.056384163477638,
    "sentKBytesPerSec" : 2.9412492899425975
  },
  "Total" : {
    "transaction" : "Total",
    "sampleCount" : 690,
    "errorCount" : 0,
    "errorPct" : 0.0,
    "meanResTime" : 399.21449275362335,
    "medianResTime" : 416.0,
    "minResTime" : 57.0,
    "maxResTime" : 1702.0,
    "pct1ResTime" : 655.2999999999985,
    "pct2ResTime" : 880.4499999999999,
    "pct3ResTime" : 1416.1600000000008,
    "throughput" : 55.70356018406394,
    "receivedKBytesPerSec" : 57.6726103979979,
    "sentKBytesPerSec" : 11.686505383668361
  },
  "Get" : {
    "transaction" : "Get",
    "sampleCount" : 115,
    "errorCount" : 0,
    "errorPct" : 0.0,
    "meanResTime" : 401.29565217391286,
    "medianResTime" : 276.0,
    "minResTime" : 242.0,
    "maxResTime" : 1702.0,
    "pct1ResTime" : 909.0000000000008,
    "pct2ResTime" : 1452.7999999999993,
    "pct3ResTime" : 1702.0,
    "throughput" : 11.489659306624038,
    "receivedKBytesPerSec" : 12.904011389749225,
    "sentKBytesPerSec" : 1.4025463020781297
  },
  "Update" : {
    "transaction" : "Update",
    "sampleCount" : 115,
    "errorCount" : 0,
    "errorPct" : 0.0,
    "meanResTime" : 485.8869565217392,
    "medianResTime" : 430.0,
    "minResTime" : 397.0,
    "maxResTime" : 1002.0,
    "pct1ResTime" : 792.6,
    "pct2ResTime" : 882.1999999999998,
    "pct3ResTime" : 997.8400000000001,
    "throughput" : 13.20321469575201,
    "receivedKBytesPerSec" : 10.944339301090698,
    "sentKBytesPerSec" : 2.875309450344431
  },
  "login" : {
    "transaction" : "login",
    "sampleCount" : 115,
    "errorCount" : 0,
    "errorPct" : 0.0,
    "meanResTime" : 464.3217391304346,
    "medianResTime" : 423.0,
    "minResTime" : 394.0,
    "maxResTime" : 981.0,
    "pct1ResTime" : 570.4000000000002,
    "pct2ResTime" : 836.1999999999994,
    "pct3ResTime" : 977.1600000000001,
    "throughput" : 12.267975250693407,
    "receivedKBytesPerSec" : 10.360584295658203,
    "sentKBytesPerSec" : 2.947189366865799
  }
}