{
  "Delete" : {
    "transaction" : "Delete",
    "sampleCount" : 125,
    "errorCount" : 1,
    "errorPct" : 0.8,
    "meanResTime" : 442.4719999999999,
    "medianResTime" : 425.0,
    "minResTime" : 399.0,
    "maxResTime" : 611.0,
    "pct1ResTime" : 507.20000000000005,
    "pct2ResTime" : 544.0999999999999,
    "pct3ResTime" : 608.92,
    "throughput" : 14.070238631247186,
    "receivedKBytesPerSec" : 10.597417935333183,
    "sentKBytesPerSec" : 3.174047972478613
  },
  "Register" : {
    "transaction" : "Register",
    "sampleCount" : 125,
    "errorCount" : 0,
    "errorPct" : 0.0,
    "meanResTime" : 442.49600000000004,
    "medianResTime" : 431.0,
    "minResTime" : 396.0,
    "maxResTime" : 683.0,
    "pct1ResTime" : 487.4,
    "pct2ResTime" : 551.0999999999999,
    "pct3ResTime" : 677.8,
    "throughput" : 13.97741250139774,
    "receivedKBytesPerSec" : 11.80174088672705,
    "sentKBytesPerSec" : 3.344205139494577
  },
  "Create" : {
    "transaction" : "Create",
    "sampleCount" : 125,
    "errorCount" : 0,
    "errorPct" : 0.0,
    "meanResTime" : 65.58399999999997,
    "medianResTime" : 65.0,
    "minResTime" : 55.0,
    "maxResTime" : 98.0,
    "pct1ResTime" : 73.0,
    "pct2ResTime" : 78.69999999999999,
    "pct3ResTime" : 97.74,
    "throughput" : 14.607923337618324,
    "receivedKBytesPerSec" : 26.613125584316933,
    "sentKBytesPerSec" : 3.124155479432044
  },
  "Total" : {
    "transaction" : "Total",
    "sampleCount" : 750,
    "errorCount" : 1,
    "errorPct" : 0.13333334,
    "meanResTime" : 372.4933333333331,
    "medianResTime" : 418.0,
    "minResTime" : 55.0,
    "maxResTime" : 1822.0,
    "pct1ResTime" : 482.0,
    "pct2ResTime" : 592.4499999999999,
    "pct3ResTime" : 1210.5000000000005,
    "throughput" : 63.5862653666808,
    "receivedKBytesPerSec" : 65.8588947912251,
    "sentKBytesPerSec" : 13.340282561466724
  },
  "Get" : {
    "transaction" : "Get",
    "sampleCount" : 125,
    "errorCount" : 0,
    "errorPct" : 0.0,
    "meanResTime" : 378.9679999999998,
    "medianResTime" : 268.0,
    "minResTime" : 232.0,
    "maxResTime" : 1822.0,
    "pct1ResTime" : 892.2000000000005,
    "pct2ResTime" : 1240.1999999999998,
    "pct3ResTime" : 1820.18,
    "throughput" : 12.542644992976118,
    "receivedKBytesPerSec" : 14.070397946769015,
    "sentKBytesPerSec" : 1.5310845938691553
  },
  "Update" : {
    "transaction" : "Update",
    "sampleCount" : 125,
    "errorCount" : 0,
    "errorPct" : 0.0,
    "meanResTime" : 463.7919999999999,
    "medianResTime" : 437.0,
    "minResTime" : 397.0,
    "maxResTime" : 816.0,
    "pct1ResTime" : 555.0000000000002,
    "pct2ResTime" : 742.0999999999995,
    "pct3ResTime" : 814.6999999999999,
    "throughput" : 14.027606329255976,
    "receivedKBytesPerSec" : 11.626145880092022,
    "sentKBytesPerSec" : 3.054840050218831
  },
  "login" : {
    "transaction" : "login",
    "sampleCount" : 125,
    "errorCount" : 0,
    "errorPct" : 0.0,
    "meanResTime" : 441.64799999999985,
    "medianResTime" : 431.0,
    "minResTime" : 396.0,
    "maxResTime" : 666.0,
    "pct1ResTime" : 480.8,
    "pct2ResTime" : 563.6999999999996,
    "pct3ResTime" : 664.4399999999999,
    "throughput" : 13.902791680569457,
    "receivedKBytesPerSec" : 11.7406903431209,
    "sentKBytesPerSec" : 3.3399284701368037
  }
}